{
  "train_loss": [
    0.08180145337590443,
    0.06171255375217334,
    0.058258502537687426,
    0.05565452065520686,
    0.05243722681561714,
    0.04937913518380649,
    0.049537531150679284,
    0.04805286248843071
  ],
  "val_loss": [
    0.21609758828645168,
    0.3120977354094224,
    0.2226333694188329,
    0.21522274273245232,
    0.20369069182071026,
    0.2386531079714389,
    0.2200238306844688,
    0.2406409286448489
  ],
  "val_rmse": [
    0.6551921963691711,
    0.7849389314651489,
    0.6630470752716064,
    0.6521700024604797,
    0.6342248320579529,
    0.6867403388023376,
    0.6595261693000793,
    0.6898716688156128
  ],
  "val_mae": [
    0.35808390378952026,
    0.34657150506973267,
    0.2957909405231476,
    0.2938113510608673,
    0.28515833616256714,
    0.30101627111434937,
    0.30365315079689026,
    0.3287234604358673
  ]
}