{
  "train_loss": [
    0.07497412598243466,
    0.05781628655982606,
    0.050284807043678964,
    0.048057462964896804,
    0.045685890565315884,
    0.04507886015890557,
    0.045429833904828555,
    0.04419373944401741,
    0.04363730369526663,
    0.04358653873205185
  ],
  "val_loss": [
    0.3981436132073767,
    0.2932529600587694,
    0.18326501503748738,
    0.225156784136071,
    0.21786141556588953,
    0.20781084948406636,
    0.20566659630149725,
    0.2088946009993695,
    0.21090815375235095,
    0.22184709107639958
  ],
  "val_rmse": [
    0.8944240808486938,
    0.7661204934120178,
    0.6065300107002258,
    0.6724458336830139,
    0.6613075733184814,
    0.6460577249526978,
    0.642776370048523,
    0.6478091478347778,
    0.6509994268417358,
    0.667636513710022
  ],
  "val_mae": [
    0.42273855209350586,
    0.35181981325149536,
    0.28502902388572693,
    0.29707127809524536,
    0.28862693905830383,
    0.3034450113773346,
    0.2934802770614624,
    0.29477739334106445,
    0.3046310245990753,
    0.3054322898387909
  ]
}