{
  "train_loss": [
    0.07467426344936276,
    0.05823565893519072,
    0.053885450094570346,
    0.04801702178370806,
    0.04701318865940895,
    0.04561571924038875,
    0.04526855972262076,
    0.0449805317837515,
    0.045953348803299446,
    0.04687466476986438,
    0.04615405897299449,
    0.047151664350135826,
    0.04708147928302671
  ],
  "val_loss": [
    0.5388197073821768,
    0.348008135401988,
    0.2639565703803268,
    0.22026583346102954,
    0.21357778263905935,
    0.2114832286353466,
    0.22937327939713292,
    0.2243235489118176,
    0.21422848682572215,
    0.2246198943985687,
    0.22888682721342143,
    0.23545595382228898,
    0.22499033412326674
  ],
  "val_rmse": [
    1.0404475927352905,
    0.8349485993385315,
    0.726142168045044,
    0.6650906205177307,
    0.6549336314201355,
    0.6517840623855591,
    0.6788778901100159,
    0.6713389158248901,
    0.65605628490448,
    0.6718006134033203,
    0.6782132983207703,
    0.6878764033317566,
    0.6724452376365662
  ],
  "val_mae": [
    0.4928702712059021,
    0.3576888144016266,
    0.35089531540870667,
    0.2931448519229889,
    0.2945387661457062,
    0.28792405128479004,
    0.3070054352283478,
    0.29998791217803955,
    0.2930471897125244,
    0.29725292325019836,
    0.30215194821357727,
    0.2953769266605377,
    0.2964710593223572
  ]
}